First Name;Last Name;Company Name;Role In Company;Address;E-Mail;Phone Number;
"Finlay";"Dawson";"W. L. Gore & Associates";"Lawyer";"9152 green lane";"fdawson@wlgore&associates.jetzt";"76458450462";
"George";"Wilkinson";"Nvidia";"Accountant";"7702 main street";"gwilkinson@nvidia.durban";"41478561405";
"Alex";"Dean";"W. L. Gore & Associates";"Scientist";"1608 school lane";"adean@wlgore&associates.dating";"64268173594";
"Lydia";"Hopkins";"Nordstrom";"Paramedic";"5598 park road";"lhopkins@nordstrom.science";"69033300885";
"Austin";"Ellis";"American Express";"Carpenter";"7872 the avenue";"aellis@americanexpress.fm";"33798350431";
"Zoe";"Edwards";"CarMax";"Paramedic";"2996 victoria street";"zedwards@carmax.eu";"84279932337";
"Elliot";"Jackson";"Encompass Home Health And Hospice";"Medical Secretary";"2302 st. john's road";"ejackson@encompasshomehealthandhospice.click";"69913563160";
"Ryan";"Lloyd";"Adobe Systems";"Accountant";"3498 south street";"rlloyd@adobesystems.computer";"23157456293";
"Ellie";"Gregory";"PwC";"Mental Health Counselor";"6584 the grove";"egregory@pwc.cricket";"77640457395";
"Bobby";"Patel";"Google";"Glazier";"9261 the avenue";"bpatel@google.discount";"66854643295";
"Elliott";"Walsh";"Waterfront";"Interpreter & Translator";"6366 manor road";"ewalsh@waterfront.exchange";"31172637916";
"Oliver";"Russell";"Bright Horizons Family Solutions";"Sports Coach";"6452 manor road";"orussell@brighthorizonsfamilysolutions.cards";"40092581151";
"Liam";"Reid";"SAP";"Paramedic";"6321 york road";"lreid@sap.christmas";"46787009234";
"Grace";"Graham";"American Fidelity Assurance";"Public Relations Specialist";"1863 the green";"ggraham@americanfidelityassurance.vet";"47342135556";
"Stanley";"Berry";"Edward Jones";"Programmer";"1192 king street";"sberry@edwardjones.vodka";"91595807042";
"Rory";"Hayes";"TEKsystems";"Fabricator";"2918 broadway";"rhayes@teksystems.de";"44152371208";
"Jack";"West";"Texas Health Resources";"Cement Mason & Concrete Finisher";"1289 west street";"jwest@texashealthresources.guide";"94607515879";
"Liam";"Price";"Rackspace";"Software Developer";"1386 new street";"lprice@rackspace.wales";"94757468882";
"Charlie";"Collins";"Marriott International";"Mental Health Counselor";"9741 queens road";"ccollins@marriottinternational.vegas";"36107004089";
"Bobby";"Payne";"Workday";"Elementary School Teacher";"2374 new street";"bpayne@workday.holiday";"66369067365";
